left_id,right_id,left_latest_count,right_latest_count,latest_intersection_count,latest_union_count,latest_jaccard,all_period_intersection_cells,all_period_union_cells,all_period_jaccard,position_phi_corr,return_corr,left_group,right_group,left_alpha_bucket,right_alpha_bucket,left_family_id,right_family_id
alpha_miner_pymoo_nsga3_novelty_0081,alpha_miner_pymoo_nsga3_novelty_0187,341,302,169,474,0.35654,119343,390252,0.30581,0.3872717161399808,0.9719567621905341,active_strategy_spec,active_strategy_spec,trend_following,trend_following,TREND_RECLAIM_CONTINUATION,REVENUE_QUALITY_MOMENTUM
alpha_miner_pymoo_nsga3_novelty_0081,alpha_miner_pymoo_nsga3_novelty_0193,341,539,114,766,0.148825,96249,618382,0.155647,0.10540257262440145,0.9505159814086827,active_strategy_spec,active_strategy_spec,trend_following,defensive_accumulation,TREND_RECLAIM_CONTINUATION,SMART_MONEY_ACCUMULATION
alpha_miner_pymoo_nsga3_novelty_0081,alphabuilders_multifactor_revenue_quality_momentum_v1,341,780,216,905,0.238674,143070,637924,0.224274,0.22454113153080305,0.9580269719867899,active_strategy_spec,active_strategy_spec,trend_following,trend_following,TREND_RECLAIM_CONTINUATION,REVENUE_QUALITY_MOMENTUM
alpha_miner_pymoo_nsga3_novelty_0081,breakout_vol_expansion_seed_v1,341,243,65,519,0.125241,58529,411770,0.14214,0.14798603433547247,0.9182890226726687,active_strategy_spec,active_strategy_spec,trend_following,breakout_vol_expansion,TREND_RECLAIM_CONTINUATION,VOLATILITY_CONTRACTION_BREAKOUT
alpha_miner_pymoo_nsga3_novelty_0081,defensive_accumulation_seed_v1,341,512,123,730,0.168493,120264,610259,0.19707,0.17982562278773465,0.9501400758044645,active_strategy_spec,active_strategy_spec,trend_following,defensive_accumulation,TREND_RECLAIM_CONTINUATION,SMART_MONEY_ACCUMULATION
alpha_miner_pymoo_nsga3_novelty_0081,finlab_ai_skill_broker_accumulation_reclaim_v1,341,215,52,504,0.103175,55045,412973,0.13329,0.1330938225917627,0.9407856662460954,active_strategy_spec,active_strategy_spec,trend_following,defensive_accumulation,TREND_RECLAIM_CONTINUATION,SMART_MONEY_ACCUMULATION
alpha_miner_pymoo_nsga3_novelty_0081,finlab_ai_skill_quality_trend_v1,341,137,40,438,0.091324,27731,347919,0.079705,0.09325861560935973,0.9026814195411859,active_strategy_spec,active_strategy_spec,trend_following,trend_following,TREND_RECLAIM_CONTINUATION,REVENUE_QUALITY_MOMENTUM
alpha_miner_pymoo_nsga3_novelty_0081,finlab_ai_skill_revenue_revision_breakout_v1,341,23,8,356,0.022472,3225,290161,0.011115,0.035364451315479835,0.6176177608720204,active_strategy_spec,active_strategy_spec,trend_following,breakout_vol_expansion,TREND_RECLAIM_CONTINUATION,REVENUE_QUALITY_MOMENTUM
alpha_miner_pymoo_nsga3_novelty_0081,finlab_ai_skill_reversion_value_v1,341,312,80,573,0.139616,88015,538856,0.163337,0.13517860569047885,0.930143532181079,active_strategy_spec,active_strategy_spec,trend_following,mean_reversion,TREND_RECLAIM_CONTINUATION,REVENUE_QUALITY_MOMENTUM
alpha_miner_pymoo_nsga3_novelty_0081,stock_tech_s01_55d_trend_volume_breakout_v1,341,10,4,347,0.011527,1633,288294,0.005664,0.01675847527622674,0.531877146395057,active_strategy_spec,candidate_stock_tech12,trend_following,breakout_vol_expansion,TREND_RECLAIM_CONTINUATION,TREND_RECLAIM_CONTINUATION
alpha_miner_pymoo_nsga3_novelty_0081,stock_tech_s02_52w_dual_momentum_v1,341,10,2,349,0.005731,1728,288461,0.00599,0.017796140244761473,0.5725105461622527,active_strategy_spec,candidate_stock_tech12,trend_following,trend_following,TREND_RECLAIM_CONTINUATION,TREND_RECLAIM_CONTINUATION
alpha_miner_pymoo_nsga3_novelty_0081,stock_tech_s03_vcp_contraction_breakout_v1,341,0,0,341,0.0,969,286172,0.003386,0.014358632218428964,0.4705221217187939,active_strategy_spec,candidate_stock_tech12,trend_following,breakout_vol_expansion,TREND_RECLAIM_CONTINUATION,VOLATILITY_CONTRACTION_BREAKOUT
alpha_miner_pymoo_nsga3_novelty_0081,stock_tech_s04_ma_deduct_turn_breakout_v1,341,6,1,346,0.00289,1276,287237,0.004442,0.01496936674097747,0.5113312485339453,active_strategy_spec,candidate_stock_tech12,trend_following,trend_following,TREND_RECLAIM_CONTINUATION,TREND_RECLAIM_CONTINUATION
alpha_miner_pymoo_nsga3_novelty_0081,stock_tech_s05_first_dry_pullback_v1,341,0,0,341,0.0,18,283628,6.3e-05,0.0020704054230554748,0.0749075689650045,active_strategy_spec,candidate_stock_tech12,trend_following,trend_following,TREND_RECLAIM_CONTINUATION,TREND_RECLAIM_CONTINUATION
alpha_miner_pymoo_nsga3_novelty_0081,stock_tech_s06_nr7_inside_bar_breakout_v1,341,1,0,342,0.0,661,285178,0.002318,0.013430209774474284,0.37071785548847846,active_strategy_spec,candidate_stock_tech12,trend_following,breakout_vol_expansion,TREND_RECLAIM_CONTINUATION,VOLATILITY_CONTRACTION_BREAKOUT
alpha_miner_pymoo_nsga3_novelty_0081,stock_tech_s07_2b_false_break_reversal_v1,341,0,0,341,0.0,30,283785,0.000106,-0.0008035329171377021,0.2623359083078746,active_strategy_spec,candidate_stock_tech12,trend_following,mean_reversion,TREND_RECLAIM_CONTINUATION,TREND_RECLAIM_CONTINUATION
alpha_miner_pymoo_nsga3_novelty_0081,stock_tech_s08_rsi2_bull_mean_reversion_v1,341,10,0,351,0.0,373,288935,0.001291,-0.013835533446054453,0.5515705817900062,active_strategy_spec,candidate_stock_tech12,trend_following,mean_reversion,TREND_RECLAIM_CONTINUATION,TREND_RECLAIM_CONTINUATION
alpha_miner_pymoo_nsga3_novelty_0081,stock_tech_s09_three_soldiers_base_breakout_v1,341,0,0,341,0.0,99,283793,0.000349,0.00592724102151741,0.17564224519576133,active_strategy_spec,candidate_stock_tech12,trend_following,breakout_vol_expansion,TREND_RECLAIM_CONTINUATION,VOLATILITY_CONTRACTION_BREAKOUT
alpha_miner_pymoo_nsga3_novelty_0081,stock_tech_s10_island_reversal_v1,341,0,0,341,0.0,47,283798,0.000166,0.0008008167894427176,0.4080884468804544,active_strategy_spec,candidate_stock_tech12,trend_following,mean_reversion,TREND_RECLAIM_CONTINUATION,VOLATILITY_CONTRACTION_BREAKOUT
alpha_miner_pymoo_nsga3_novelty_0081,stock_tech_s11_gap_breakout_continuation_v1,341,4,2,343,0.005831,1399,286354,0.004886,0.02388470500835292,0.47710630839045703,active_strategy_spec,candidate_stock_tech12,trend_following,breakout_vol_expansion,TREND_RECLAIM_CONTINUATION,VOLATILITY_CONTRACTION_BREAKOUT
alpha_miner_pymoo_nsga3_novelty_0081,trend_following_seed_v1,341,483,125,699,0.178827,102248,509806,0.200563,0.20249097476859518,0.9377713742064047,active_strategy_spec,active_strategy_spec,trend_following,trend_following,TREND_RECLAIM_CONTINUATION,TREND_RECLAIM_CONTINUATION
alpha_miner_pymoo_nsga3_novelty_0187,alpha_miner_pymoo_nsga3_novelty_0193,302,539,123,718,0.171309,76264,580798,0.131309,0.0906551707122869,0.9505277911314557,active_strategy_spec,active_strategy_spec,trend_following,defensive_accumulation,REVENUE_QUALITY_MOMENTUM,SMART_MONEY_ACCUMULATION
alpha_miner_pymoo_nsga3_novelty_0187,alphabuilders_multifactor_revenue_quality_momentum_v1,302,780,114,968,0.117769,68107,655318,0.10393,0.02553958730659323,0.9452350266352658,active_strategy_spec,active_strategy_spec,trend_following,trend_following,REVENUE_QUALITY_MOMENTUM,REVENUE_QUALITY_MOMENTUM
alpha_miner_pymoo_nsga3_novelty_0187,breakout_vol_expansion_seed_v1,302,243,13,532,0.024436,8053,404677,0.0199,-0.08196271025512925,0.8670094207916297,active_strategy_spec,active_strategy_spec,trend_following,breakout_vol_expansion,REVENUE_QUALITY_MOMENTUM,VOLATILITY_CONTRACTION_BREAKOUT
alpha_miner_pymoo_nsga3_novelty_0187,defensive_accumulation_seed_v1,302,512,64,750,0.085333,57167,615787,0.092836,0.008198429957417647,0.9302293439335354,active_strategy_spec,active_strategy_spec,trend_following,defensive_accumulation,REVENUE_QUALITY_MOMENTUM,SMART_MONEY_ACCUMULATION
alpha_miner_pymoo_nsga3_novelty_0187,finlab_ai_skill_broker_accumulation_reclaim_v1,302,215,23,494,0.046559,22660,387789,0.058434,-0.0003031951774167153,0.9238990122440073,active_strategy_spec,active_strategy_spec,trend_following,defensive_accumulation,REVENUE_QUALITY_MOMENTUM,SMART_MONEY_ACCUMULATION
alpha_miner_pymoo_nsga3_novelty_0187,finlab_ai_skill_quality_trend_v1,302,137,14,425,0.032941,7114,310967,0.022877,-0.03209398908511249,0.8696900176288574,active_strategy_spec,active_strategy_spec,trend_following,trend_following,REVENUE_QUALITY_MOMENTUM,REVENUE_QUALITY_MOMENTUM
alpha_miner_pymoo_nsga3_novelty_0187,finlab_ai_skill_revenue_revision_breakout_v1,302,23,5,320,0.015625,642,235175,0.00273,-0.012862642913478266,0.6069670782372958,active_strategy_spec,active_strategy_spec,trend_following,breakout_vol_expansion,REVENUE_QUALITY_MOMENTUM,REVENUE_QUALITY_MOMENTUM
alpha_miner_pymoo_nsga3_novelty_0187,finlab_ai_skill_reversion_value_v1,302,312,58,556,0.104317,63874,505428,0.126376,0.09182582762640316,0.9414816419833547,active_strategy_spec,active_strategy_spec,trend_following,mean_reversion,REVENUE_QUALITY_MOMENTUM,REVENUE_QUALITY_MOMENTUM
alpha_miner_pymoo_nsga3_novelty_0187,stock_tech_s01_55d_trend_volume_breakout_v1,302,10,2,310,0.006452,884,231474,0.003819,0.002897127295694823,0.5170397026048086,active_strategy_spec,candidate_stock_tech12,trend_following,breakout_vol_expansion,REVENUE_QUALITY_MOMENTUM,TREND_RECLAIM_CONTINUATION
alpha_miner_pymoo_nsga3_novelty_0187,stock_tech_s02_52w_dual_momentum_v1,302,10,2,310,0.006452,1070,231550,0.004621,0.007095478278945837,0.5579127751228117,active_strategy_spec,candidate_stock_tech12,trend_following,trend_following,REVENUE_QUALITY_MOMENTUM,TREND_RECLAIM_CONTINUATION
alpha_miner_pymoo_nsga3_novelty_0187,stock_tech_s03_vcp_contraction_breakout_v1,302,0,0,302,0.0,455,229117,0.001986,0.0006285504449426916,0.4481443983631531,active_strategy_spec,candidate_stock_tech12,trend_following,breakout_vol_expansion,REVENUE_QUALITY_MOMENTUM,VOLATILITY_CONTRACTION_BREAKOUT
alpha_miner_pymoo_nsga3_novelty_0187,stock_tech_s04_ma_deduct_turn_breakout_v1,302,6,2,306,0.006536,581,230363,0.002522,-0.0008423766019879098,0.5078638915761803,active_strategy_spec,candidate_stock_tech12,trend_following,trend_following,REVENUE_QUALITY_MOMENTUM,TREND_RECLAIM_CONTINUATION
alpha_miner_pymoo_nsga3_novelty_0187,stock_tech_s05_first_dry_pullback_v1,302,0,0,302,0.0,7,226070,3.1e-05,-0.0002477134408945496,0.06907699707832571,active_strategy_spec,candidate_stock_tech12,trend_following,trend_following,REVENUE_QUALITY_MOMENTUM,TREND_RECLAIM_CONTINUATION
alpha_miner_pymoo_nsga3_novelty_0187,stock_tech_s06_nr7_inside_bar_breakout_v1,302,1,1,302,0.003311,267,228003,0.001171,-0.0005190228445520112,0.3428190501878049,active_strategy_spec,candidate_stock_tech12,trend_following,breakout_vol_expansion,REVENUE_QUALITY_MOMENTUM,VOLATILITY_CONTRACTION_BREAKOUT
alpha_miner_pymoo_nsga3_novelty_0187,stock_tech_s07_2b_false_break_reversal_v1,302,0,0,302,0.0,53,226193,0.000234,0.0035768350722403873,0.2746227797239116,active_strategy_spec,candidate_stock_tech12,trend_following,mean_reversion,REVENUE_QUALITY_MOMENTUM,TREND_RECLAIM_CONTINUATION
alpha_miner_pymoo_nsga3_novelty_0187,stock_tech_s08_rsi2_bull_mean_reversion_v1,302,10,0,312,0.0,962,230777,0.004169,0.007634936008073359,0.5715733293897385,active_strategy_spec,candidate_stock_tech12,trend_following,mean_reversion,REVENUE_QUALITY_MOMENTUM,TREND_RECLAIM_CONTINUATION
alpha_miner_pymoo_nsga3_novelty_0187,stock_tech_s09_three_soldiers_base_breakout_v1,302,0,0,302,0.0,20,226303,8.8e-05,-0.002319565051879464,0.16354817361316276,active_strategy_spec,candidate_stock_tech12,trend_following,breakout_vol_expansion,REVENUE_QUALITY_MOMENTUM,VOLATILITY_CONTRACTION_BREAKOUT
alpha_miner_pymoo_nsga3_novelty_0187,stock_tech_s10_island_reversal_v1,302,0,0,302,0.0,28,226248,0.000124,-0.0006082395568963943,0.4055391303756196,active_strategy_spec,candidate_stock_tech12,trend_following,mean_reversion,REVENUE_QUALITY_MOMENTUM,VOLATILITY_CONTRACTION_BREAKOUT
alpha_miner_pymoo_nsga3_novelty_0187,stock_tech_s11_gap_breakout_continuation_v1,302,4,0,306,0.0,261,229923,0.001135,-0.00879926662341154,0.4482712225094838,active_strategy_spec,candidate_stock_tech12,trend_following,breakout_vol_expansion,REVENUE_QUALITY_MOMENTUM,VOLATILITY_CONTRACTION_BREAKOUT
alpha_miner_pymoo_nsga3_novelty_0187,trend_following_seed_v1,302,483,40,745,0.053691,24523,529962,0.046273,-0.06891307724750528,0.8949363872679368,active_strategy_spec,active_strategy_spec,trend_following,trend_following,REVENUE_QUALITY_MOMENTUM,TREND_RECLAIM_CONTINUATION
alpha_miner_pymoo_nsga3_novelty_0193,alphabuilders_multifactor_revenue_quality_momentum_v1,539,780,278,1041,0.267051,168896,759565,0.222359,0.1505471580436314,0.9794183011757898,active_strategy_spec,active_strategy_spec,defensive_accumulation,trend_following,SMART_MONEY_ACCUMULATION,REVENUE_QUALITY_MOMENTUM
alpha_miner_pymoo_nsga3_novelty_0193,breakout_vol_expansion_seed_v1,539,243,97,685,0.141606,77882,539884,0.144257,0.14466867435371747,0.9158742166905304,active_strategy_spec,active_strategy_spec,defensive_accumulation,breakout_vol_expansion,SMART_MONEY_ACCUMULATION,VOLATILITY_CONTRACTION_BREAKOUT
alpha_miner_pymoo_nsga3_novelty_0193,defensive_accumulation_seed_v1,539,512,167,884,0.188914,151351,726639,0.208289,0.138866254051775,0.9658092524863358,active_strategy_spec,active_strategy_spec,defensive_accumulation,defensive_accumulation,SMART_MONEY_ACCUMULATION,SMART_MONEY_ACCUMULATION
alpha_miner_pymoo_nsga3_novelty_0193,finlab_ai_skill_broker_accumulation_reclaim_v1,539,215,57,697,0.081779,63761,551724,0.115567,0.08738105692592309,0.9608144842679651,active_strategy_spec,active_strategy_spec,defensive_accumulation,defensive_accumulation,SMART_MONEY_ACCUMULATION,SMART_MONEY_ACCUMULATION
alpha_miner_pymoo_nsga3_novelty_0193,finlab_ai_skill_quality_trend_v1,539,137,40,636,0.062893,31134,491983,0.063283,0.05598907692960666,0.9045990194130362,active_strategy_spec,active_strategy_spec,defensive_accumulation,trend_following,SMART_MONEY_ACCUMULATION,REVENUE_QUALITY_MOMENTUM
alpha_miner_pymoo_nsga3_novelty_0193,finlab_ai_skill_revenue_revision_breakout_v1,539,23,9,553,0.016275,3748,437105,0.008575,0.025483116374667807,0.6581517991118655,active_strategy_spec,active_strategy_spec,defensive_accumulation,breakout_vol_expansion,SMART_MONEY_ACCUMULATION,REVENUE_QUALITY_MOMENTUM
alpha_miner_pymoo_nsga3_novelty_0193,finlab_ai_skill_reversion_value_v1,539,312,53,798,0.066416,93887,680451,0.137978,0.043683894633402776,0.9363809142434582,active_strategy_spec,active_strategy_spec,defensive_accumulation,mean_reversion,SMART_MONEY_ACCUMULATION,REVENUE_QUALITY_MOMENTUM
alpha_miner_pymoo_nsga3_novelty_0193,stock_tech_s01_55d_trend_volume_breakout_v1,539,10,7,542,0.012915,2792,434602,0.006424,0.028503677588955268,0.5581276078792619,active_strategy_spec,candidate_stock_tech12,defensive_accumulation,breakout_vol_expansion,SMART_MONEY_ACCUMULATION,TREND_RECLAIM_CONTINUATION
alpha_miner_pymoo_nsga3_novelty_0193,stock_tech_s02_52w_dual_momentum_v1,539,10,7,542,0.012915,3832,433824,0.008833,0.048933772790925686,0.6088993221403391,active_strategy_spec,candidate_stock_tech12,defensive_accumulation,trend_following,SMART_MONEY_ACCUMULATION,TREND_RECLAIM_CONTINUATION
alpha_miner_pymoo_nsga3_novelty_0193,stock_tech_s03_vcp_contraction_breakout_v1,539,0,0,539,0.0,1521,433087,0.003512,0.02001449730601467,0.48215033505167637,active_strategy_spec,candidate_stock_tech12,defensive_accumulation,breakout_vol_expansion,SMART_MONEY_ACCUMULATION,VOLATILITY_CONTRACTION_BREAKOUT
alpha_miner_pymoo_nsga3_novelty_0193,stock_tech_s04_ma_deduct_turn_breakout_v1,539,6,3,542,0.005535,2428,433552,0.0056,0.03152940948124356,0.5416370777305286,active_strategy_spec,candidate_stock_tech12,defensive_accumulation,trend_following,SMART_MONEY_ACCUMULATION,TREND_RECLAIM_CONTINUATION
alpha_miner_pymoo_nsga3_novelty_0193,stock_tech_s05_first_dry_pullback_v1,539,0,0,539,0.0,0,431113,0.0,-0.003272136273824042,0.07884545692868679,active_strategy_spec,candidate_stock_tech12,defensive_accumulation,trend_following,SMART_MONEY_ACCUMULATION,TREND_RECLAIM_CONTINUATION
alpha_miner_pymoo_nsga3_novelty_0193,stock_tech_s06_nr7_inside_bar_breakout_v1,539,1,0,540,0.0,1123,432183,0.002598,0.021743372573870105,0.3848078615840455,active_strategy_spec,candidate_stock_tech12,defensive_accumulation,breakout_vol_expansion,SMART_MONEY_ACCUMULATION,VOLATILITY_CONTRACTION_BREAKOUT
alpha_miner_pymoo_nsga3_novelty_0193,stock_tech_s07_2b_false_break_reversal_v1,539,0,0,539,0.0,86,431196,0.000199,0.0035675372814676022,0.2622292009555895,active_strategy_spec,candidate_stock_tech12,defensive_accumulation,mean_reversion,SMART_MONEY_ACCUMULATION,TREND_RECLAIM_CONTINUATION
alpha_miner_pymoo_nsga3_novelty_0193,stock_tech_s08_rsi2_bull_mean_reversion_v1,539,10,3,546,0.005495,1753,435022,0.00403,0.009404242357353064,0.5975646849319919,active_strategy_spec,candidate_stock_tech12,defensive_accumulation,mean_reversion,SMART_MONEY_ACCUMULATION,TREND_RECLAIM_CONTINUATION
alpha_miner_pymoo_nsga3_novelty_0193,stock_tech_s09_three_soldiers_base_breakout_v1,539,0,0,539,0.0,122,431237,0.000283,0.0048647616985149555,0.15669678474839197,active_strategy_spec,candidate_stock_tech12,defensive_accumulation,breakout_vol_expansion,SMART_MONEY_ACCUMULATION,VOLATILITY_CONTRACTION_BREAKOUT
alpha_miner_pymoo_nsga3_novelty_0193,stock_tech_s10_island_reversal_v1,539,0,0,539,0.0,122,431190,0.000283,0.006466975247885903,0.38177333705169225,active_strategy_spec,candidate_stock_tech12,defensive_accumulation,mean_reversion,SMART_MONEY_ACCUMULATION,VOLATILITY_CONTRACTION_BREAKOUT
alpha_miner_pymoo_nsga3_novelty_0193,stock_tech_s11_gap_breakout_continuation_v1,539,4,1,542,0.001845,2392,432828,0.005526,0.03812151998148554,0.502100644617519,active_strategy_spec,candidate_stock_tech12,defensive_accumulation,breakout_vol_expansion,SMART_MONEY_ACCUMULATION,VOLATILITY_CONTRACTION_BREAKOUT
alpha_miner_pymoo_nsga3_novelty_0193,trend_following_seed_v1,539,483,181,841,0.21522,128525,630996,0.203686,0.17225401844676252,0.9392945016638712,active_strategy_spec,active_strategy_spec,defensive_accumulation,trend_following,SMART_MONEY_ACCUMULATION,TREND_RECLAIM_CONTINUATION
alphabuilders_multifactor_revenue_quality_momentum_v1,breakout_vol_expansion_seed_v1,780,243,203,820,0.247561,112108,572021,0.195986,0.24938192849675647,0.9240230935249452,active_strategy_spec,active_strategy_spec,trend_following,breakout_vol_expansion,REVENUE_QUALITY_MOMENTUM,VOLATILITY_CONTRACTION_BREAKOUT
alphabuilders_multifactor_revenue_quality_momentum_v1,defensive_accumulation_seed_v1,780,512,392,900,0.435556,238923,705430,0.338691,0.33639322494591184,0.9706859961777635,active_strategy_spec,active_strategy_spec,trend_following,defensive_accumulation,REVENUE_QUALITY_MOMENTUM,SMART_MONEY_ACCUMULATION
alphabuilders_multifactor_revenue_quality_momentum_v1,finlab_ai_skill_broker_accumulation_reclaim_v1,780,215,165,830,0.198795,100860,580988,0.173601,0.2074054908645013,0.9667590727631912,active_strategy_spec,active_strategy_spec,trend_following,defensive_accumulation,REVENUE_QUALITY_MOMENTUM,SMART_MONEY_ACCUMULATION
alphabuilders_multifactor_revenue_quality_momentum_v1,finlab_ai_skill_quality_trend_v1,780,137,123,794,0.154912,71365,518115,0.13774,0.2606315078190329,0.9276082011716927,active_strategy_spec,active_strategy_spec,trend_following,trend_following,REVENUE_QUALITY_MOMENTUM,REVENUE_QUALITY_MOMENTUM
alphabuilders_multifactor_revenue_quality_momentum_v1,finlab_ai_skill_revenue_revision_breakout_v1,780,23,23,780,0.029487,9804,497412,0.01971,0.12018647218152358,0.6807362489464734,active_strategy_spec,active_strategy_spec,trend_following,breakout_vol_expansion,REVENUE_QUALITY_MOMENTUM,REVENUE_QUALITY_MOMENTUM
alphabuilders_multifactor_revenue_quality_momentum_v1,finlab_ai_skill_reversion_value_v1,780,312,172,920,0.186957,146020,694681,0.210197,0.16652429101779553,0.9517262583372258,active_strategy_spec,active_strategy_spec,trend_following,mean_reversion,REVENUE_QUALITY_MOMENTUM,REVENUE_QUALITY_MOMENTUM
alphabuilders_multifactor_revenue_quality_momentum_v1,stock_tech_s01_55d_trend_volume_breakout_v1,780,10,7,783,0.00894,3109,500648,0.00621,0.029012837936616954,0.5351129419842772,active_strategy_spec,candidate_stock_tech12,trend_following,breakout_vol_expansion,REVENUE_QUALITY_MOMENTUM,TREND_RECLAIM_CONTINUATION
alphabuilders_multifactor_revenue_quality_momentum_v1,stock_tech_s02_52w_dual_momentum_v1,780,10,5,785,0.006369,3707,500312,0.007409,0.039220098429900985,0.5787125481045519,active_strategy_spec,candidate_stock_tech12,trend_following,trend_following,REVENUE_QUALITY_MOMENTUM,TREND_RECLAIM_CONTINUATION
alphabuilders_multifactor_revenue_quality_momentum_v1,stock_tech_s03_vcp_contraction_breakout_v1,780,0,0,780,0.0,2126,498845,0.004262,0.03235991133078339,0.4668057897296597,active_strategy_spec,candidate_stock_tech12,trend_following,breakout_vol_expansion,REVENUE_QUALITY_MOMENTUM,VOLATILITY_CONTRACTION_BREAKOUT
alphabuilders_multifactor_revenue_quality_momentum_v1,stock_tech_s04_ma_deduct_turn_breakout_v1,780,6,4,782,0.005115,2518,499825,0.005038,0.027978601079395395,0.5087883816563157,active_strategy_spec,candidate_stock_tech12,trend_following,trend_following,REVENUE_QUALITY_MOMENTUM,TREND_RECLAIM_CONTINUATION
alphabuilders_multifactor_revenue_quality_momentum_v1,stock_tech_s05_first_dry_pullback_v1,780,0,0,780,0.0,31,497445,6.2e-05,0.0028342118029802054,0.0767132179641138,active_strategy_spec,candidate_stock_tech12,trend_following,trend_following,REVENUE_QUALITY_MOMENTUM,TREND_RECLAIM_CONTINUATION
alphabuilders_multifactor_revenue_quality_momentum_v1,stock_tech_s06_nr7_inside_bar_breakout_v1,780,1,1,780,0.001282,1368,498301,0.002745,0.026451735747245367,0.3839535309695824,active_strategy_spec,candidate_stock_tech12,trend_following,breakout_vol_expansion,REVENUE_QUALITY_MOMENTUM,VOLATILITY_CONTRACTION_BREAKOUT
alphabuilders_multifactor_revenue_quality_momentum_v1,stock_tech_s07_2b_false_break_reversal_v1,780,0,0,780,0.0,72,497573,0.000145,0.0009624042949365641,0.25356164137835163,active_strategy_spec,candidate_stock_tech12,trend_following,mean_reversion,REVENUE_QUALITY_MOMENTUM,TREND_RECLAIM_CONTINUATION
alphabuilders_multifactor_revenue_quality_momentum_v1,stock_tech_s08_rsi2_bull_mean_reversion_v1,780,10,0,790,0.0,694,502444,0.001381,-0.018860343339636355,0.5482125731027383,active_strategy_spec,candidate_stock_tech12,trend_following,mean_reversion,REVENUE_QUALITY_MOMENTUM,TREND_RECLAIM_CONTINUATION
alphabuilders_multifactor_revenue_quality_momentum_v1,stock_tech_s09_three_soldiers_base_breakout_v1,780,0,0,780,0.0,149,497573,0.000299,0.006129030345930801,0.14861672137434986,active_strategy_spec,candidate_stock_tech12,trend_following,breakout_vol_expansion,REVENUE_QUALITY_MOMENTUM,VOLATILITY_CONTRACTION_BREAKOUT
alphabuilders_multifactor_revenue_quality_momentum_v1,stock_tech_s10_island_reversal_v1,780,0,0,780,0.0,140,497535,0.000281,0.007037048129836188,0.4132465590341065,active_strategy_spec,candidate_stock_tech12,trend_following,mean_reversion,REVENUE_QUALITY_MOMENTUM,VOLATILITY_CONTRACTION_BREAKOUT
alphabuilders_multifactor_revenue_quality_momentum_v1,stock_tech_s11_gap_breakout_continuation_v1,780,4,3,781,0.003841,2713,498870,0.005438,0.040737758330986196,0.4735258373090251,active_strategy_spec,candidate_stock_tech12,trend_following,breakout_vol_expansion,REVENUE_QUALITY_MOMENTUM,VOLATILITY_CONTRACTION_BREAKOUT
alphabuilders_multifactor_revenue_quality_momentum_v1,trend_following_seed_v1,780,483,380,883,0.430351,193903,631981,0.306818,0.33536976874856594,0.9450666952017102,active_strategy_spec,active_strategy_spec,trend_following,trend_following,REVENUE_QUALITY_MOMENTUM,TREND_RECLAIM_CONTINUATION
breakout_vol_expansion_seed_v1,defensive_accumulation_seed_v1,243,512,147,608,0.241776,118546,515112,0.230136,0.3068604772310521,0.9296253625843829,active_strategy_spec,active_strategy_spec,breakout_vol_expansion,defensive_accumulation,VOLATILITY_CONTRACTION_BREAKOUT,SMART_MONEY_ACCUMULATION
breakout_vol_expansion_seed_v1,finlab_ai_skill_broker_accumulation_reclaim_v1,243,215,64,394,0.162437,43481,327672,0.132697,0.14816758318965081,0.9148604566506192,active_strategy_spec,active_strategy_spec,breakout_vol_expansion,defensive_accumulation,VOLATILITY_CONTRACTION_BREAKOUT,SMART_MONEY_ACCUMULATION
breakout_vol_expansion_seed_v1,finlab_ai_skill_quality_trend_v1,243,137,54,326,0.165644,40730,238055,0.171095,0.2589650670033348,0.9086629663715636,active_strategy_spec,active_strategy_spec,breakout_vol_expansion,trend_following,VOLATILITY_CONTRACTION_BREAKOUT,REVENUE_QUALITY_MOMENTUM
breakout_vol_expansion_seed_v1,finlab_ai_skill_revenue_revision_breakout_v1,243,23,9,257,0.035019,5096,191425,0.026621,0.10134285858373664,0.646714437024297,active_strategy_spec,active_strategy_spec,breakout_vol_expansion,breakout_vol_expansion,VOLATILITY_CONTRACTION_BREAKOUT,REVENUE_QUALITY_MOMENTUM
breakout_vol_expansion_seed_v1,finlab_ai_skill_reversion_value_v1,243,312,33,522,0.063218,38363,491643,0.07803,0.015876140253354796,0.8453788188644014,active_strategy_spec,active_strategy_spec,breakout_vol_expansion,mean_reversion,VOLATILITY_CONTRACTION_BREAKOUT,REVENUE_QUALITY_MOMENTUM
breakout_vol_expansion_seed_v1,stock_tech_s01_55d_trend_volume_breakout_v1,243,10,2,251,0.007968,1879,191183,0.009828,0.037875334526909665,0.5759212529761127,active_strategy_spec,candidate_stock_tech12,breakout_vol_expansion,breakout_vol_expansion,VOLATILITY_CONTRACTION_BREAKOUT,TREND_RECLAIM_CONTINUATION
breakout_vol_expansion_seed_v1,stock_tech_s02_52w_dual_momentum_v1,243,10,2,251,0.007968,1399,191925,0.007289,0.021871739746131956,0.5998750002149571,active_strategy_spec,candidate_stock_tech12,breakout_vol_expansion,trend_following,VOLATILITY_CONTRACTION_BREAKOUT,TREND_RECLAIM_CONTINUATION
breakout_vol_expansion_seed_v1,stock_tech_s03_vcp_contraction_breakout_v1,243,0,0,243,0.0,1457,188819,0.007716,0.04485749508414365,0.5108633001495984,active_strategy_spec,candidate_stock_tech12,breakout_vol_expansion,breakout_vol_expansion,VOLATILITY_CONTRACTION_BREAKOUT,VOLATILITY_CONTRACTION_BREAKOUT
breakout_vol_expansion_seed_v1,stock_tech_s04_ma_deduct_turn_breakout_v1,243,6,2,247,0.008097,2041,189607,0.010764,0.05359767074926746,0.55681942434779,active_strategy_spec,candidate_stock_tech12,breakout_vol_expansion,trend_following,VOLATILITY_CONTRACTION_BREAKOUT,TREND_RECLAIM_CONTINUATION
breakout_vol_expansion_seed_v1,stock_tech_s05_first_dry_pullback_v1,243,0,0,243,0.0,15,186766,8e-05,0.002590864922992922,0.08441099372327904,active_strategy_spec,candidate_stock_tech12,breakout_vol_expansion,trend_following,VOLATILITY_CONTRACTION_BREAKOUT,TREND_RECLAIM_CONTINUATION
breakout_vol_expansion_seed_v1,stock_tech_s06_nr7_inside_bar_breakout_v1,243,1,1,243,0.004115,825,188149,0.004385,0.030618870896027134,0.40926512574524776,active_strategy_spec,candidate_stock_tech12,breakout_vol_expansion,breakout_vol_expansion,VOLATILITY_CONTRACTION_BREAKOUT,VOLATILITY_CONTRACTION_BREAKOUT
breakout_vol_expansion_seed_v1,stock_tech_s07_2b_false_break_reversal_v1,243,0,0,243,0.0,2,186948,1.1e-05,-0.0034725931179863238,0.24643104957480028,active_strategy_spec,candidate_stock_tech12,breakout_vol_expansion,mean_reversion,VOLATILITY_CONTRACTION_BREAKOUT,TREND_RECLAIM_CONTINUATION
breakout_vol_expansion_seed_v1,stock_tech_s08_rsi2_bull_mean_reversion_v1,243,10,0,253,0.0,14,192429,7.3e-05,-0.018376639586888784,0.5384255676608424,active_strategy_spec,candidate_stock_tech12,breakout_vol_expansion,mean_reversion,VOLATILITY_CONTRACTION_BREAKOUT,TREND_RECLAIM_CONTINUATION
breakout_vol_expansion_seed_v1,stock_tech_s09_three_soldiers_base_breakout_v1,243,0,0,243,0.0,169,186858,0.000904,0.019064996998331755,0.17494065225605615,active_strategy_spec,candidate_stock_tech12,breakout_vol_expansion,breakout_vol_expansion,VOLATILITY_CONTRACTION_BREAKOUT,VOLATILITY_CONTRACTION_BREAKOUT
breakout_vol_expansion_seed_v1,stock_tech_s10_island_reversal_v1,243,0,0,243,0.0,3,186977,1.6e-05,-0.0035776111697172824,0.33523935381519165,active_strategy_spec,candidate_stock_tech12,breakout_vol_expansion,mean_reversion,VOLATILITY_CONTRACTION_BREAKOUT,VOLATILITY_CONTRACTION_BREAKOUT
breakout_vol_expansion_seed_v1,stock_tech_s11_gap_breakout_continuation_v1,243,4,3,244,0.012295,2631,188257,0.013976,0.08352367423338902,0.5412702623906597,active_strategy_spec,candidate_stock_tech12,breakout_vol_expansion,breakout_vol_expansion,VOLATILITY_CONTRACTION_BREAKOUT,VOLATILITY_CONTRACTION_BREAKOUT
breakout_vol_expansion_seed_v1,trend_following_seed_v1,243,483,243,483,0.503106,186658,328531,0.568159,0.7205263985630731,0.9873022440831695,active_strategy_spec,active_strategy_spec,breakout_vol_expansion,trend_following,VOLATILITY_CONTRACTION_BREAKOUT,TREND_RECLAIM_CONTINUATION
defensive_accumulation_seed_v1,finlab_ai_skill_broker_accumulation_reclaim_v1,512,215,140,587,0.238501,131537,499840,0.263158,0.3657379160112629,0.9794006959684779,active_strategy_spec,active_strategy_spec,defensive_accumulation,defensive_accumulation,SMART_MONEY_ACCUMULATION,SMART_MONEY_ACCUMULATION
defensive_accumulation_seed_v1,finlab_ai_skill_quality_trend_v1,512,137,84,565,0.148673,59603,479406,0.124327,0.21623054541125517,0.9305610150895495,active_strategy_spec,active_strategy_spec,defensive_accumulation,trend_following,SMART_MONEY_ACCUMULATION,REVENUE_QUALITY_MOMENTUM
defensive_accumulation_seed_v1,finlab_ai_skill_revenue_revision_breakout_v1,512,23,15,520,0.028846,6092,450653,0.013518,0.06451300433160637,0.6725055466935527,active_strategy_spec,active_strategy_spec,defensive_accumulation,breakout_vol_expansion,SMART_MONEY_ACCUMULATION,REVENUE_QUALITY_MOMENTUM
defensive_accumulation_seed_v1,finlab_ai_skill_reversion_value_v1,512,312,137,687,0.199418,149623,640607,0.233564,0.21491892505959093,0.9328290973673561,active_strategy_spec,active_strategy_spec,defensive_accumulation,mean_reversion,SMART_MONEY_ACCUMULATION,REVENUE_QUALITY_MOMENTUM
defensive_accumulation_seed_v1,stock_tech_s01_55d_trend_volume_breakout_v1,512,10,0,522,0.0,2545,450741,0.005646,0.021621539631139476,0.5464628307331664,active_strategy_spec,candidate_stock_tech12,defensive_accumulation,breakout_vol_expansion,SMART_MONEY_ACCUMULATION,TREND_RECLAIM_CONTINUATION
defensive_accumulation_seed_v1,stock_tech_s02_52w_dual_momentum_v1,512,10,4,518,0.007722,2153,451395,0.00477,0.011528436750058262,0.576911454604414,active_strategy_spec,candidate_stock_tech12,defensive_accumulation,trend_following,SMART_MONEY_ACCUMULATION,TREND_RECLAIM_CONTINUATION
defensive_accumulation_seed_v1,stock_tech_s03_vcp_contraction_breakout_v1,512,0,0,512,0.0,1808,448692,0.004029,0.027160042092968604,0.48775585002977945,active_strategy_spec,candidate_stock_tech12,defensive_accumulation,breakout_vol_expansion,SMART_MONEY_ACCUMULATION,VOLATILITY_CONTRACTION_BREAKOUT
defensive_accumulation_seed_v1,stock_tech_s04_ma_deduct_turn_breakout_v1,512,6,3,515,0.005825,2354,449518,0.005237,0.028278459979847407,0.5315268225760645,active_strategy_spec,candidate_stock_tech12,defensive_accumulation,trend_following,SMART_MONEY_ACCUMULATION,TREND_RECLAIM_CONTINUATION
defensive_accumulation_seed_v1,stock_tech_s05_first_dry_pullback_v1,512,0,0,512,0.0,44,446961,9.8e-05,0.006108270462391762,0.0865359330221253,active_strategy_spec,candidate_stock_tech12,defensive_accumulation,trend_following,SMART_MONEY_ACCUMULATION,TREND_RECLAIM_CONTINUATION
defensive_accumulation_seed_v1,stock_tech_s06_nr7_inside_bar_breakout_v1,512,1,0,513,0.0,1127,448071,0.002515,0.02091208462158149,0.3966636215769824,active_strategy_spec,candidate_stock_tech12,defensive_accumulation,breakout_vol_expansion,SMART_MONEY_ACCUMULATION,VOLATILITY_CONTRACTION_BREAKOUT
defensive_accumulation_seed_v1,stock_tech_s07_2b_false_break_reversal_v1,512,0,0,512,0.0,43,447131,9.6e-05,-0.0015489114927048802,0.23900722303389366,active_strategy_spec,candidate_stock_tech12,defensive_accumulation,mean_reversion,SMART_MONEY_ACCUMULATION,TREND_RECLAIM_CONTINUATION
defensive_accumulation_seed_v1,stock_tech_s08_rsi2_bull_mean_reversion_v1,512,10,0,522,0.0,282,452385,0.000623,-0.025325455335937865,0.5556458266906917,active_strategy_spec,candidate_stock_tech12,defensive_accumulation,mean_reversion,SMART_MONEY_ACCUMULATION,TREND_RECLAIM_CONTINUATION
defensive_accumulation_seed_v1,stock_tech_s09_three_soldiers_base_breakout_v1,512,0,0,512,0.0,216,447035,0.000483,0.01372515321074156,0.15758059382488843,active_strategy_spec,candidate_stock_tech12,defensive_accumulation,breakout_vol_expansion,SMART_MONEY_ACCUMULATION,VOLATILITY_CONTRACTION_BREAKOUT
defensive_accumulation_seed_v1,stock_tech_s10_island_reversal_v1,512,0,0,512,0.0,60,447144,0.000134,-0.0004298412570736226,0.37077632647273157,active_strategy_spec,candidate_stock_tech12,defensive_accumulation,mean_reversion,SMART_MONEY_ACCUMULATION,VOLATILITY_CONTRACTION_BREAKOUT
defensive_accumulation_seed_v1,stock_tech_s11_gap_breakout_continuation_v1,512,4,2,514,0.003891,2369,448743,0.005279,0.036075179795965924,0.47533515730713055,active_strategy_spec,candidate_stock_tech12,defensive_accumulation,breakout_vol_expansion,SMART_MONEY_ACCUMULATION,VOLATILITY_CONTRACTION_BREAKOUT
defensive_accumulation_seed_v1,trend_following_seed_v1,512,483,287,708,0.405367,209080,566333,0.369182,0.42748905665816683,0.9539629038609412,active_strategy_spec,active_strategy_spec,defensive_accumulation,trend_following,SMART_MONEY_ACCUMULATION,TREND_RECLAIM_CONTINUATION
finlab_ai_skill_broker_accumulation_reclaim_v1,finlab_ai_skill_quality_trend_v1,215,137,42,310,0.135484,28772,247732,0.116142,0.16205227031474406,0.9181536831976439,active_strategy_spec,active_strategy_spec,defensive_accumulation,trend_following,SMART_MONEY_ACCUMULATION,REVENUE_QUALITY_MOMENTUM
finlab_ai_skill_broker_accumulation_reclaim_v1,finlab_ai_skill_revenue_revision_breakout_v1,215,23,11,227,0.048458,4284,189956,0.022553,0.08201203045883441,0.6720268442598747,active_strategy_spec,active_strategy_spec,defensive_accumulation,breakout_vol_expansion,SMART_MONEY_ACCUMULATION,REVENUE_QUALITY_MOMENTUM
finlab_ai_skill_broker_accumulation_reclaim_v1,finlab_ai_skill_reversion_value_v1,215,312,64,463,0.138229,67668,460057,0.147086,0.154141056154424,0.9376537460561303,active_strategy_spec,active_strategy_spec,defensive_accumulation,mean_reversion,SMART_MONEY_ACCUMULATION,REVENUE_QUALITY_MOMENTUM
finlab_ai_skill_broker_accumulation_reclaim_v1,stock_tech_s01_55d_trend_volume_breakout_v1,215,10,0,225,0.0,654,190127,0.00344,0.0005035390190106101,0.5277306510947537,active_strategy_spec,candidate_stock_tech12,defensive_accumulation,breakout_vol_expansion,SMART_MONEY_ACCUMULATION,TREND_RECLAIM_CONTINUATION
finlab_ai_skill_broker_accumulation_reclaim_v1,stock_tech_s02_52w_dual_momentum_v1,215,10,0,225,0.0,690,190353,0.003625,0.0007860428084707734,0.5663989246676094,active_strategy_spec,candidate_stock_tech12,defensive_accumulation,trend_following,SMART_MONEY_ACCUMULATION,TREND_RECLAIM_CONTINUATION
finlab_ai_skill_broker_accumulation_reclaim_v1,stock_tech_s03_vcp_contraction_breakout_v1,215,0,0,215,0.0,603,187392,0.003218,0.010105318559172983,0.4599237114378691,active_strategy_spec,candidate_stock_tech12,defensive_accumulation,breakout_vol_expansion,SMART_MONEY_ACCUMULATION,VOLATILITY_CONTRACTION_BREAKOUT
finlab_ai_skill_broker_accumulation_reclaim_v1,stock_tech_s04_ma_deduct_turn_breakout_v1,215,6,2,219,0.009132,865,188502,0.004589,0.012933448108908506,0.5170809232009684,active_strategy_spec,candidate_stock_tech12,defensive_accumulation,trend_following,SMART_MONEY_ACCUMULATION,TREND_RECLAIM_CONTINUATION
finlab_ai_skill_broker_accumulation_reclaim_v1,stock_tech_s05_first_dry_pullback_v1,215,0,0,215,0.0,16,184484,8.7e-05,0.002936347380658472,0.07476285884511356,active_strategy_spec,candidate_stock_tech12,defensive_accumulation,trend_following,SMART_MONEY_ACCUMULATION,TREND_RECLAIM_CONTINUATION
finlab_ai_skill_broker_accumulation_reclaim_v1,stock_tech_s06_nr7_inside_bar_breakout_v1,215,1,1,215,0.004651,343,186350,0.001841,0.0060069406645153825,0.37919092158570916,active_strategy_spec,candidate_stock_tech12,defensive_accumulation,breakout_vol_expansion,SMART_MONEY_ACCUMULATION,VOLATILITY_CONTRACTION_BREAKOUT
finlab_ai_skill_broker_accumulation_reclaim_v1,stock_tech_s07_2b_false_break_reversal_v1,215,0,0,215,0.0,13,184656,7e-05,-0.0016756275157994525,0.2610883000354245,active_strategy_spec,candidate_stock_tech12,defensive_accumulation,mean_reversion,SMART_MONEY_ACCUMULATION,TREND_RECLAIM_CONTINUATION
finlab_ai_skill_broker_accumulation_reclaim_v1,stock_tech_s08_rsi2_bull_mean_reversion_v1,215,10,0,225,0.0,31,190131,0.000163,-0.017693433403197564,0.5424168242209955,active_strategy_spec,candidate_stock_tech12,defensive_accumulation,mean_reversion,SMART_MONEY_ACCUMULATION,TREND_RECLAIM_CONTINUATION
finlab_ai_skill_broker_accumulation_reclaim_v1,stock_tech_s09_three_soldiers_base_breakout_v1,215,0,0,215,0.0,61,184685,0.00033,0.004161897159548081,0.16497797270415757,active_strategy_spec,candidate_stock_tech12,defensive_accumulation,breakout_vol_expansion,SMART_MONEY_ACCUMULATION,VOLATILITY_CONTRACTION_BREAKOUT
finlab_ai_skill_broker_accumulation_reclaim_v1,stock_tech_s10_island_reversal_v1,215,0,0,215,0.0,39,184660,0.000211,0.0019027733754988171,0.36499445824479315,active_strategy_spec,candidate_stock_tech12,defensive_accumulation,mean_reversion,SMART_MONEY_ACCUMULATION,VOLATILITY_CONTRACTION_BREAKOUT
finlab_ai_skill_broker_accumulation_reclaim_v1,stock_tech_s11_gap_breakout_continuation_v1,215,4,0,219,0.0,399,188208,0.00212,-0.0007686993324935988,0.451150398386223,active_strategy_spec,candidate_stock_tech12,defensive_accumulation,breakout_vol_expansion,SMART_MONEY_ACCUMULATION,VOLATILITY_CONTRACTION_BREAKOUT
finlab_ai_skill_broker_accumulation_reclaim_v1,trend_following_seed_v1,215,483,141,557,0.253142,96350,416558,0.2313,0.2994440757544027,0.9413376914062146,active_strategy_spec,active_strategy_spec,defensive_accumulation,trend_following,SMART_MONEY_ACCUMULATION,TREND_RECLAIM_CONTINUATION
finlab_ai_skill_quality_trend_v1,finlab_ai_skill_revenue_revision_breakout_v1,137,23,19,141,0.134752,8233,93639,0.087923,0.2650872746529318,0.7156400176989388,active_strategy_spec,active_strategy_spec,trend_following,breakout_vol_expansion,REVENUE_QUALITY_MOMENTUM,REVENUE_QUALITY_MOMENTUM
finlab_ai_skill_quality_trend_v1,finlab_ai_skill_reversion_value_v1,137,312,39,410,0.095122,31879,403478,0.079011,0.09381852029443273,0.861661831696562,active_strategy_spec,active_strategy_spec,trend_following,mean_reversion,REVENUE_QUALITY_MOMENTUM,REVENUE_QUALITY_MOMENTUM
finlab_ai_skill_quality_trend_v1,stock_tech_s01_55d_trend_volume_breakout_v1,137,10,2,145,0.013793,1303,97110,0.013418,0.041874626466668355,0.560436741751779,active_strategy_spec,candidate_stock_tech12,trend_following,breakout_vol_expansion,REVENUE_QUALITY_MOMENTUM,TREND_RECLAIM_CONTINUATION
finlab_ai_skill_quality_trend_v1,stock_tech_s02_52w_dual_momentum_v1,137,10,0,147,0.0,818,97857,0.008359,0.020277387005198395,0.589610688149728,active_strategy_spec,candidate_stock_tech12,trend_following,trend_following,REVENUE_QUALITY_MOMENTUM,TREND_RECLAIM_CONTINUATION
finlab_ai_skill_quality_trend_v1,stock_tech_s03_vcp_contraction_breakout_v1,137,0,0,137,0.0,996,94631,0.010525,0.04638090322626014,0.48164072470956076,active_strategy_spec,candidate_stock_tech12,trend_following,breakout_vol_expansion,REVENUE_QUALITY_MOMENTUM,VOLATILITY_CONTRACTION_BREAKOUT
finlab_ai_skill_quality_trend_v1,stock_tech_s04_ma_deduct_turn_breakout_v1,137,6,2,141,0.014184,679,96320,0.007049,0.020812963388650338,0.5091336357266846,active_strategy_spec,candidate_stock_tech12,trend_following,trend_following,REVENUE_QUALITY_MOMENTUM,TREND_RECLAIM_CONTINUATION
finlab_ai_skill_quality_trend_v1,stock_tech_s05_first_dry_pullback_v1,137,0,0,137,0.0,3,92129,3.3e-05,-8.913365502625837e-05,0.07488045358617089,active_strategy_spec,candidate_stock_tech12,trend_following,trend_following,REVENUE_QUALITY_MOMENTUM,TREND_RECLAIM_CONTINUATION
finlab_ai_skill_quality_trend_v1,stock_tech_s06_nr7_inside_bar_breakout_v1,137,1,0,138,0.0,468,93857,0.004986,0.02526778530442076,0.4049875537357663,active_strategy_spec,candidate_stock_tech12,trend_following,breakout_vol_expansion,REVENUE_QUALITY_MOMENTUM,VOLATILITY_CONTRACTION_BREAKOUT
finlab_ai_skill_quality_trend_v1,stock_tech_s07_2b_false_break_reversal_v1,137,0,0,137,0.0,8,92293,8.7e-05,-0.0008174207618014451,0.22786602838212902,active_strategy_spec,candidate_stock_tech12,trend_following,mean_reversion,REVENUE_QUALITY_MOMENTUM,TREND_RECLAIM_CONTINUATION
finlab_ai_skill_quality_trend_v1,stock_tech_s08_rsi2_bull_mean_reversion_v1,137,10,0,147,0.0,22,97772,0.000225,-0.011873175951545327,0.5173015036545492,active_strategy_spec,candidate_stock_tech12,trend_following,mean_reversion,REVENUE_QUALITY_MOMENTUM,TREND_RECLAIM_CONTINUATION
finlab_ai_skill_quality_trend_v1,stock_tech_s09_three_soldiers_base_breakout_v1,137,0,0,137,0.0,68,92310,0.000737,0.010074007716292107,0.16202435961797876,active_strategy_spec,candidate_stock_tech12,trend_following,breakout_vol_expansion,REVENUE_QUALITY_MOMENTUM,VOLATILITY_CONTRACTION_BREAKOUT
finlab_ai_skill_quality_trend_v1,stock_tech_s10_island_reversal_v1,137,0,0,137,0.0,1,92330,1.1e-05,-0.002542991807275562,0.33486826058721575,active_strategy_spec,candidate_stock_tech12,trend_following,mean_reversion,REVENUE_QUALITY_MOMENTUM,VOLATILITY_CONTRACTION_BREAKOUT
finlab_ai_skill_quality_trend_v1,stock_tech_s11_gap_breakout_continuation_v1,137,4,0,141,0.0,904,95335,0.009482,0.03641834574944065,0.48890973284317996,active_strategy_spec,candidate_stock_tech12,trend_following,breakout_vol_expansion,REVENUE_QUALITY_MOMENTUM,VOLATILITY_CONTRACTION_BREAKOUT
finlab_ai_skill_quality_trend_v1,trend_following_seed_v1,137,483,121,499,0.242485,74063,346477,0.21376,0.37497187193572773,0.9297020112424799,active_strategy_spec,active_strategy_spec,trend_following,trend_following,REVENUE_QUALITY_MOMENTUM,TREND_RECLAIM_CONTINUATION
finlab_ai_skill_revenue_revision_breakout_v1,finlab_ai_skill_reversion_value_v1,23,312,6,329,0.018237,1626,351467,0.004626,-0.003986950495897299,0.5835606164302364,active_strategy_spec,active_strategy_spec,breakout_vol_expansion,mean_reversion,REVENUE_QUALITY_MOMENTUM,REVENUE_QUALITY_MOMENTUM
finlab_ai_skill_revenue_revision_breakout_v1,stock_tech_s01_55d_trend_volume_breakout_v1,23,10,0,33,0.0,166,15983,0.010386,0.01682320560292065,0.44892260062623096,active_strategy_spec,candidate_stock_tech12,breakout_vol_expansion,breakout_vol_expansion,REVENUE_QUALITY_MOMENTUM,TREND_RECLAIM_CONTINUATION
finlab_ai_skill_revenue_revision_breakout_v1,stock_tech_s02_52w_dual_momentum_v1,23,10,1,32,0.03125,282,16129,0.017484,0.03079049004568424,0.5108046032992521,active_strategy_spec,candidate_stock_tech12,breakout_vol_expansion,trend_following,REVENUE_QUALITY_MOMENTUM,TREND_RECLAIM_CONTINUATION
finlab_ai_skill_revenue_revision_breakout_v1,stock_tech_s03_vcp_contraction_breakout_v1,23,0,0,23,0.0,77,13286,0.005796,0.009852471876686763,0.3813649051815377,active_strategy_spec,candidate_stock_tech12,breakout_vol_expansion,breakout_vol_expansion,REVENUE_QUALITY_MOMENTUM,VOLATILITY_CONTRACTION_BREAKOUT
finlab_ai_skill_revenue_revision_breakout_v1,stock_tech_s04_ma_deduct_turn_breakout_v1,23,6,0,29,0.0,108,14627,0.007384,0.011791517866045239,0.40986666294991797,active_strategy_spec,candidate_stock_tech12,breakout_vol_expansion,trend_following,REVENUE_QUALITY_MOMENTUM,TREND_RECLAIM_CONTINUATION
finlab_ai_skill_revenue_revision_breakout_v1,stock_tech_s05_first_dry_pullback_v1,23,0,0,23,0.0,0,9868,0.0,-0.00043280829329813753,0.06096739733568565,active_strategy_spec,candidate_stock_tech12,breakout_vol_expansion,trend_following,REVENUE_QUALITY_MOMENTUM,TREND_RECLAIM_CONTINUATION
finlab_ai_skill_revenue_revision_breakout_v1,stock_tech_s06_nr7_inside_bar_breakout_v1,23,1,0,24,0.0,48,12013,0.003996,0.007665979796502534,0.3263046485163894,active_strategy_spec,candidate_stock_tech12,breakout_vol_expansion,breakout_vol_expansion,REVENUE_QUALITY_MOMENTUM,VOLATILITY_CONTRACTION_BREAKOUT
finlab_ai_skill_revenue_revision_breakout_v1,stock_tech_s07_2b_false_break_reversal_v1,23,0,0,23,0.0,1,10036,0.0001,-0.00016239999223432707,0.19161728373819617,active_strategy_spec,candidate_stock_tech12,breakout_vol_expansion,mean_reversion,REVENUE_QUALITY_MOMENTUM,TREND_RECLAIM_CONTINUATION
finlab_ai_skill_revenue_revision_breakout_v1,stock_tech_s08_rsi2_bull_mean_reversion_v1,23,10,0,33,0.0,4,15526,0.000258,-0.0035640386500566165,0.4055137387610348,active_strategy_spec,candidate_stock_tech12,breakout_vol_expansion,mean_reversion,REVENUE_QUALITY_MOMENTUM,TREND_RECLAIM_CONTINUATION
finlab_ai_skill_revenue_revision_breakout_v1,stock_tech_s09_three_soldiers_base_breakout_v1,23,0,0,23,0.0,8,10106,0.000792,0.0036489732797533817,0.08534475582683228,active_strategy_spec,candidate_stock_tech12,breakout_vol_expansion,breakout_vol_expansion,REVENUE_QUALITY_MOMENTUM,VOLATILITY_CONTRACTION_BREAKOUT
finlab_ai_skill_revenue_revision_breakout_v1,stock_tech_s10_island_reversal_v1,23,0,0,23,0.0,0,10067,0.0,-0.0008774189515302146,0.19404558201983238,active_strategy_spec,candidate_stock_tech12,breakout_vol_expansion,mean_reversion,REVENUE_QUALITY_MOMENTUM,VOLATILITY_CONTRACTION_BREAKOUT
finlab_ai_skill_revenue_revision_breakout_v1,stock_tech_s11_gap_breakout_continuation_v1,23,4,0,27,0.0,122,13853,0.008807,0.015653234575362072,0.41370926233713184,active_strategy_spec,candidate_stock_tech12,breakout_vol_expansion,breakout_vol_expansion,REVENUE_QUALITY_MOMENTUM,VOLATILITY_CONTRACTION_BREAKOUT
finlab_ai_skill_revenue_revision_breakout_v1,trend_following_seed_v1,23,483,17,489,0.034765,7841,330435,0.023729,0.11868138067077964,0.6657762097868779,active_strategy_spec,active_strategy_spec,breakout_vol_expansion,trend_following,REVENUE_QUALITY_MOMENTUM,TREND_RECLAIM_CONTINUATION
finlab_ai_skill_reversion_value_v1,stock_tech_s01_55d_trend_volume_breakout_v1,312,10,0,322,0.0,640,348994,0.001834,-0.013019949520930548,0.4287611343020073,active_strategy_spec,candidate_stock_tech12,mean_reversion,breakout_vol_expansion,REVENUE_QUALITY_MOMENTUM,TREND_RECLAIM_CONTINUATION
finlab_ai_skill_reversion_value_v1,stock_tech_s02_52w_dual_momentum_v1,312,10,0,322,0.0,80,349816,0.000229,-0.026968607116424237,0.44046738966269733,active_strategy_spec,candidate_stock_tech12,mean_reversion,trend_following,REVENUE_QUALITY_MOMENTUM,TREND_RECLAIM_CONTINUATION
finlab_ai_skill_reversion_value_v1,stock_tech_s03_vcp_contraction_breakout_v1,312,0,0,312,0.0,636,346212,0.001837,-0.0009453822342605697,0.38648261870200573,active_strategy_spec,candidate_stock_tech12,mean_reversion,breakout_vol_expansion,REVENUE_QUALITY_MOMENTUM,VOLATILITY_CONTRACTION_BREAKOUT
finlab_ai_skill_reversion_value_v1,stock_tech_s04_ma_deduct_turn_breakout_v1,312,6,0,318,0.0,715,347505,0.002058,-0.005598951143340256,0.4224687669562743,active_strategy_spec,candidate_stock_tech12,mean_reversion,trend_following,REVENUE_QUALITY_MOMENTUM,TREND_RECLAIM_CONTINUATION
finlab_ai_skill_reversion_value_v1,stock_tech_s05_first_dry_pullback_v1,312,0,0,312,0.0,14,343339,4.1e-05,0.0004798333608747907,0.059306047295687205,active_strategy_spec,candidate_stock_tech12,mean_reversion,trend_following,REVENUE_QUALITY_MOMENTUM,TREND_RECLAIM_CONTINUATION
finlab_ai_skill_reversion_value_v1,stock_tech_s06_nr7_inside_bar_breakout_v1,312,1,0,313,0.0,220,345326,0.000637,-0.008061913497111104,0.3074310588261657,active_strategy_spec,candidate_stock_tech12,mean_reversion,breakout_vol_expansion,REVENUE_QUALITY_MOMENTUM,VOLATILITY_CONTRACTION_BREAKOUT
finlab_ai_skill_reversion_value_v1,stock_tech_s07_2b_false_break_reversal_v1,312,0,0,312,0.0,75,343447,0.000218,0.003895940694116523,0.2597809356533528,active_strategy_spec,candidate_stock_tech12,mean_reversion,mean_reversion,REVENUE_QUALITY_MOMENTUM,TREND_RECLAIM_CONTINUATION
finlab_ai_skill_reversion_value_v1,stock_tech_s08_rsi2_bull_mean_reversion_v1,312,10,1,321,0.003115,462,348553,0.001325,-0.015261914594072314,0.4674919596644573,active_strategy_spec,candidate_stock_tech12,mean_reversion,mean_reversion,REVENUE_QUALITY_MOMENTUM,TREND_RECLAIM_CONTINUATION
finlab_ai_skill_reversion_value_v1,stock_tech_s09_three_soldiers_base_breakout_v1,312,0,0,312,0.0,74,343525,0.000215,0.001721406514596615,0.14161053810180496,active_strategy_spec,candidate_stock_tech12,mean_reversion,breakout_vol_expansion,REVENUE_QUALITY_MOMENTUM,VOLATILITY_CONTRACTION_BREAKOUT
finlab_ai_skill_reversion_value_v1,stock_tech_s10_island_reversal_v1,312,0,0,312,0.0,63,343489,0.000183,0.0016111376738810455,0.457219472227559,active_strategy_spec,candidate_stock_tech12,mean_reversion,mean_reversion,REVENUE_QUALITY_MOMENTUM,VOLATILITY_CONTRACTION_BREAKOUT
finlab_ai_skill_reversion_value_v1,stock_tech_s11_gap_breakout_continuation_v1,312,4,0,316,0.0,124,347336,0.000357,-0.019256834489259956,0.3648549132898275,active_strategy_spec,candidate_stock_tech12,mean_reversion,breakout_vol_expansion,REVENUE_QUALITY_MOMENTUM,VOLATILITY_CONTRACTION_BREAKOUT
finlab_ai_skill_reversion_value_v1,trend_following_seed_v1,312,483,116,679,0.170839,89047,582714,0.152814,0.10061178137872366,0.874432566293565,active_strategy_spec,active_strategy_spec,mean_reversion,trend_following,REVENUE_QUALITY_MOMENTUM,TREND_RECLAIM_CONTINUATION
stock_tech_s01_55d_trend_volume_breakout_v1,stock_tech_s02_52w_dual_momentum_v1,10,10,0,20,0.0,429,12523,0.034257,0.06295212203107363,0.6066836591280417,candidate_stock_tech12,candidate_stock_tech12,breakout_vol_expansion,trend_following,TREND_RECLAIM_CONTINUATION,TREND_RECLAIM_CONTINUATION
stock_tech_s01_55d_trend_volume_breakout_v1,stock_tech_s03_vcp_contraction_breakout_v1,10,0,0,10,0.0,183,9721,0.018825,0.03601752102292139,0.4302201440735554,candidate_stock_tech12,candidate_stock_tech12,breakout_vol_expansion,breakout_vol_expansion,TREND_RECLAIM_CONTINUATION,VOLATILITY_CONTRACTION_BREAKOUT
stock_tech_s01_55d_trend_volume_breakout_v1,stock_tech_s04_ma_deduct_turn_breakout_v1,10,6,0,16,0.0,69,11207,0.006157,0.009316368535715552,0.4863114758432628,candidate_stock_tech12,candidate_stock_tech12,breakout_vol_expansion,trend_following,TREND_RECLAIM_CONTINUATION,TREND_RECLAIM_CONTINUATION
stock_tech_s01_55d_trend_volume_breakout_v1,stock_tech_s05_first_dry_pullback_v1,10,0,0,10,0.0,0,6409,0.0,-0.0003478553045236271,0.049478245066153344,candidate_stock_tech12,candidate_stock_tech12,breakout_vol_expansion,trend_following,TREND_RECLAIM_CONTINUATION,TREND_RECLAIM_CONTINUATION
stock_tech_s01_55d_trend_volume_breakout_v1,stock_tech_s06_nr7_inside_bar_breakout_v1,10,1,0,11,0.0,164,8438,0.019436,0.04137220638659728,0.44684348749648084,candidate_stock_tech12,candidate_stock_tech12,breakout_vol_expansion,breakout_vol_expansion,TREND_RECLAIM_CONTINUATION,VOLATILITY_CONTRACTION_BREAKOUT
stock_tech_s01_55d_trend_volume_breakout_v1,stock_tech_s07_2b_false_break_reversal_v1,10,0,0,10,0.0,0,6578,0.0,-0.0006637531619582629,0.19181293038403605,candidate_stock_tech12,candidate_stock_tech12,breakout_vol_expansion,mean_reversion,TREND_RECLAIM_CONTINUATION,TREND_RECLAIM_CONTINUATION
stock_tech_s01_55d_trend_volume_breakout_v1,stock_tech_s08_rsi2_bull_mean_reversion_v1,10,10,0,20,0.0,125,11946,0.010464,0.017511130487742995,0.5016004900435518,candidate_stock_tech12,candidate_stock_tech12,breakout_vol_expansion,mean_reversion,TREND_RECLAIM_CONTINUATION,TREND_RECLAIM_CONTINUATION
stock_tech_s01_55d_trend_volume_breakout_v1,stock_tech_s09_three_soldiers_base_breakout_v1,10,0,0,10,0.0,21,6634,0.003166,0.014235066653292274,0.14508272155552682,candidate_stock_tech12,candidate_stock_tech12,breakout_vol_expansion,breakout_vol_expansion,TREND_RECLAIM_CONTINUATION,VOLATILITY_CONTRACTION_BREAKOUT
stock_tech_s01_55d_trend_volume_breakout_v1,stock_tech_s10_island_reversal_v1,10,0,0,10,0.0,0,6608,0.0,-0.0007051963682428623,0.06481504775677531,candidate_stock_tech12,candidate_stock_tech12,breakout_vol_expansion,mean_reversion,TREND_RECLAIM_CONTINUATION,VOLATILITY_CONTRACTION_BREAKOUT
stock_tech_s01_55d_trend_volume_breakout_v1,stock_tech_s11_gap_breakout_continuation_v1,10,4,1,13,0.076923,303,10213,0.029668,0.05625673663635294,0.5365976041000523,candidate_stock_tech12,candidate_stock_tech12,breakout_vol_expansion,breakout_vol_expansion,TREND_RECLAIM_CONTINUATION,VOLATILITY_CONTRACTION_BREAKOUT
stock_tech_s01_55d_trend_volume_breakout_v1,trend_following_seed_v1,10,483,4,489,0.00818,3002,331815,0.009047,0.045195471940465304,0.5907333914901691,candidate_stock_tech12,active_strategy_spec,breakout_vol_expansion,trend_following,TREND_RECLAIM_CONTINUATION,TREND_RECLAIM_CONTINUATION
stock_tech_s02_52w_dual_momentum_v1,stock_tech_s03_vcp_contraction_breakout_v1,10,0,0,10,0.0,71,10095,0.007033,0.012032651501617173,0.4774509154154769,candidate_stock_tech12,candidate_stock_tech12,trend_following,breakout_vol_expansion,TREND_RECLAIM_CONTINUATION,VOLATILITY_CONTRACTION_BREAKOUT
stock_tech_s02_52w_dual_momentum_v1,stock_tech_s04_ma_deduct_turn_breakout_v1,10,6,0,16,0.0,115,11423,0.010067,0.017091252508315807,0.5144336659516089,candidate_stock_tech12,candidate_stock_tech12,trend_following,trend_following,TREND_RECLAIM_CONTINUATION,TREND_RECLAIM_CONTINUATION
stock_tech_s02_52w_dual_momentum_v1,stock_tech_s05_first_dry_pullback_v1,10,0,0,10,0.0,0,6671,0.0,-0.0003549899698177216,0.11502469257697043,candidate_stock_tech12,candidate_stock_tech12,trend_following,trend_following,TREND_RECLAIM_CONTINUATION,TREND_RECLAIM_CONTINUATION
stock_tech_s02_52w_dual_momentum_v1,stock_tech_s06_nr7_inside_bar_breakout_v1,10,1,0,11,0.0,92,8772,0.010488,0.021772615903465374,0.38358390405263,candidate_stock_tech12,candidate_stock_tech12,trend_following,breakout_vol_expansion,TREND_RECLAIM_CONTINUATION,VOLATILITY_CONTRACTION_BREAKOUT
stock_tech_s02_52w_dual_momentum_v1,stock_tech_s07_2b_false_break_reversal_v1,10,0,0,10,0.0,0,6840,0.0,-0.000677367031250557,0.21808886487163887,candidate_stock_tech12,candidate_stock_tech12,trend_following,mean_reversion,TREND_RECLAIM_CONTINUATION,TREND_RECLAIM_CONTINUATION
stock_tech_s02_52w_dual_momentum_v1,stock_tech_s08_rsi2_bull_mean_reversion_v1,10,10,1,19,0.052632,177,12156,0.014561,0.025511051315121176,0.6271393927364234,candidate_stock_tech12,candidate_stock_tech12,trend_following,mean_reversion,TREND_RECLAIM_CONTINUATION,TREND_RECLAIM_CONTINUATION
stock_tech_s02_52w_dual_momentum_v1,stock_tech_s09_three_soldiers_base_breakout_v1,10,0,0,10,0.0,7,6910,0.001013,0.0041191055348620675,0.18299819962336664,candidate_stock_tech12,candidate_stock_tech12,trend_following,breakout_vol_expansion,TREND_RECLAIM_CONTINUATION,VOLATILITY_CONTRACTION_BREAKOUT
stock_tech_s02_52w_dual_momentum_v1,stock_tech_s10_island_reversal_v1,10,0,0,10,0.0,0,6870,0.0,-0.0007196602559239766,0.059543839448371445,candidate_stock_tech12,candidate_stock_tech12,trend_following,mean_reversion,TREND_RECLAIM_CONTINUATION,VOLATILITY_CONTRACTION_BREAKOUT
stock_tech_s02_52w_dual_momentum_v1,stock_tech_s11_gap_breakout_continuation_v1,10,4,0,14,0.0,306,10472,0.029221,0.05559336537687895,0.5838666667832121,candidate_stock_tech12,candidate_stock_tech12,trend_following,breakout_vol_expansion,TREND_RECLAIM_CONTINUATION,VOLATILITY_CONTRACTION_BREAKOUT
stock_tech_s02_52w_dual_momentum_v1,trend_following_seed_v1,10,483,2,491,0.004073,2627,332452,0.007902,0.03428049670426016,0.6176085058381277,candidate_stock_tech12,active_strategy_spec,trend_following,trend_following,TREND_RECLAIM_CONTINUATION,TREND_RECLAIM_CONTINUATION
stock_tech_s03_vcp_contraction_breakout_v1,stock_tech_s04_ma_deduct_turn_breakout_v1,0,6,0,6,0.0,246,8244,0.02984,0.05657045383745485,0.3600985348776778,candidate_stock_tech12,candidate_stock_tech12,breakout_vol_expansion,trend_following,VOLATILITY_CONTRACTION_BREAKOUT,TREND_RECLAIM_CONTINUATION
stock_tech_s03_vcp_contraction_breakout_v1,stock_tech_s05_first_dry_pullback_v1,0,0,0,0,,0,3623,0.0,-0.0002603252279605678,0.13071025913078846,candidate_stock_tech12,candidate_stock_tech12,breakout_vol_expansion,trend_following,VOLATILITY_CONTRACTION_BREAKOUT,TREND_RECLAIM_CONTINUATION
stock_tech_s03_vcp_contraction_breakout_v1,stock_tech_s06_nr7_inside_bar_breakout_v1,0,1,0,1,0.0,89,5727,0.01554,0.029905190738779452,0.3267675658463804,candidate_stock_tech12,candidate_stock_tech12,breakout_vol_expansion,breakout_vol_expansion,VOLATILITY_CONTRACTION_BREAKOUT,VOLATILITY_CONTRACTION_BREAKOUT
stock_tech_s03_vcp_contraction_breakout_v1,stock_tech_s07_2b_false_break_reversal_v1,0,0,0,0,,0,3792,0.0,-0.0004967343919992036,0.1498123790293424,candidate_stock_tech12,candidate_stock_tech12,breakout_vol_expansion,mean_reversion,VOLATILITY_CONTRACTION_BREAKOUT,TREND_RECLAIM_CONTINUATION
stock_tech_s03_vcp_contraction_breakout_v1,stock_tech_s08_rsi2_bull_mean_reversion_v1,0,10,0,10,0.0,14,9271,0.00151,0.0006429575704255497,0.4613303217070892,candidate_stock_tech12,candidate_stock_tech12,breakout_vol_expansion,mean_reversion,VOLATILITY_CONTRACTION_BREAKOUT,TREND_RECLAIM_CONTINUATION
stock_tech_s03_vcp_contraction_breakout_v1,stock_tech_s09_three_soldiers_base_breakout_v1,0,0,0,0,,45,3824,0.011768,0.04231404678023912,0.18549724155061606,candidate_stock_tech12,candidate_stock_tech12,breakout_vol_expansion,breakout_vol_expansion,VOLATILITY_CONTRACTION_BREAKOUT,VOLATILITY_CONTRACTION_BREAKOUT
stock_tech_s03_vcp_contraction_breakout_v1,stock_tech_s10_island_reversal_v1,0,0,0,0,,0,3822,0.0,-0.000527749334083267,0.04465702279586175,candidate_stock_tech12,candidate_stock_tech12,breakout_vol_expansion,mean_reversion,VOLATILITY_CONTRACTION_BREAKOUT,VOLATILITY_CONTRACTION_BREAKOUT
stock_tech_s03_vcp_contraction_breakout_v1,stock_tech_s11_gap_breakout_continuation_v1,0,4,0,4,0.0,152,7578,0.020058,0.03743046154067662,0.4692024680256848,candidate_stock_tech12,candidate_stock_tech12,breakout_vol_expansion,breakout_vol_expansion,VOLATILITY_CONTRACTION_BREAKOUT,VOLATILITY_CONTRACTION_BREAKOUT
stock_tech_s03_vcp_contraction_breakout_v1,trend_following_seed_v1,0,483,0,483,0.0,2210,329821,0.006701,0.05082238430579147,0.5176904565572866,candidate_stock_tech12,active_strategy_spec,breakout_vol_expansion,trend_following,VOLATILITY_CONTRACTION_BREAKOUT,TREND_RECLAIM_CONTINUATION
stock_tech_s04_ma_deduct_turn_breakout_v1,stock_tech_s05_first_dry_pullback_v1,6,0,0,6,0.0,0,4995,0.0,-0.0003065367065779629,0.06006147416585104,candidate_stock_tech12,candidate_stock_tech12,trend_following,trend_following,TREND_RECLAIM_CONTINUATION,TREND_RECLAIM_CONTINUATION
stock_tech_s04_ma_deduct_turn_breakout_v1,stock_tech_s06_nr7_inside_bar_breakout_v1,6,1,0,7,0.0,86,7102,0.012109,0.024008086530340943,0.30383198520621507,candidate_stock_tech12,candidate_stock_tech12,trend_following,breakout_vol_expansion,TREND_RECLAIM_CONTINUATION,VOLATILITY_CONTRACTION_BREAKOUT
stock_tech_s04_ma_deduct_turn_breakout_v1,stock_tech_s07_2b_false_break_reversal_v1,6,0,0,6,0.0,0,5164,0.0,-0.0005849119033159274,0.19991336809907467,candidate_stock_tech12,candidate_stock_tech12,trend_following,mean_reversion,TREND_RECLAIM_CONTINUATION,TREND_RECLAIM_CONTINUATION
stock_tech_s04_ma_deduct_turn_breakout_v1,stock_tech_s08_rsi2_bull_mean_reversion_v1,6,10,0,16,0.0,39,10618,0.003673,0.004457006857977995,0.4746339466025969,candidate_stock_tech12,candidate_stock_tech12,trend_following,mean_reversion,TREND_RECLAIM_CONTINUATION,TREND_RECLAIM_CONTINUATION
stock_tech_s04_ma_deduct_turn_breakout_v1,stock_tech_s09_three_soldiers_base_breakout_v1,6,0,0,6,0.0,15,5226,0.00287,0.011474965310345264,0.12671093540330816,candidate_stock_tech12,candidate_stock_tech12,trend_following,breakout_vol_expansion,TREND_RECLAIM_CONTINUATION,VOLATILITY_CONTRACTION_BREAKOUT
stock_tech_s04_ma_deduct_turn_breakout_v1,stock_tech_s10_island_reversal_v1,6,0,0,6,0.0,0,5194,0.0,-0.0006214324444695231,0.039338762100569205,candidate_stock_tech12,candidate_stock_tech12,trend_following,mean_reversion,TREND_RECLAIM_CONTINUATION,VOLATILITY_CONTRACTION_BREAKOUT
stock_tech_s04_ma_deduct_turn_breakout_v1,stock_tech_s11_gap_breakout_continuation_v1,6,4,0,10,0.0,136,8966,0.015168,0.027585400417715934,0.42253391763673814,candidate_stock_tech12,candidate_stock_tech12,trend_following,breakout_vol_expansion,TREND_RECLAIM_CONTINUATION,VOLATILITY_CONTRACTION_BREAKOUT
stock_tech_s04_ma_deduct_turn_breakout_v1,trend_following_seed_v1,6,483,4,485,0.008247,2959,330444,0.008955,0.057016896415543805,0.5613881272284238,candidate_stock_tech12,active_strategy_spec,trend_following,trend_following,TREND_RECLAIM_CONTINUATION,TREND_RECLAIM_CONTINUATION
stock_tech_s05_first_dry_pullback_v1,stock_tech_s06_nr7_inside_bar_breakout_v1,0,1,0,1,0.0,0,2321,0.0,-0.00020723530057431276,0.042329769238383906,candidate_stock_tech12,candidate_stock_tech12,trend_following,breakout_vol_expansion,TREND_RECLAIM_CONTINUATION,VOLATILITY_CONTRACTION_BREAKOUT
stock_tech_s05_first_dry_pullback_v1,stock_tech_s07_2b_false_break_reversal_v1,0,0,0,0,,0,297,0.0,-6.654819152631617e-05,-0.022605918593103812,candidate_stock_tech12,candidate_stock_tech12,trend_following,mean_reversion,TREND_RECLAIM_CONTINUATION,TREND_RECLAIM_CONTINUATION
stock_tech_s05_first_dry_pullback_v1,stock_tech_s08_rsi2_bull_mean_reversion_v1,0,10,0,10,0.0,0,5790,0.0,-0.0003303961685080346,0.07045014737235293,candidate_stock_tech12,candidate_stock_tech12,trend_following,mean_reversion,TREND_RECLAIM_CONTINUATION,TREND_RECLAIM_CONTINUATION
stock_tech_s05_first_dry_pullback_v1,stock_tech_s09_three_soldiers_base_breakout_v1,0,0,0,0,,0,374,0.0,-7.676234913548494e-05,0.031201814574200445,candidate_stock_tech12,candidate_stock_tech12,trend_following,breakout_vol_expansion,TREND_RECLAIM_CONTINUATION,VOLATILITY_CONTRACTION_BREAKOUT
stock_tech_s05_first_dry_pullback_v1,stock_tech_s10_island_reversal_v1,0,0,0,0,,0,327,0.0,-7.070330608897009e-05,-0.011470512296900583,candidate_stock_tech12,candidate_stock_tech12,trend_following,mean_reversion,TREND_RECLAIM_CONTINUATION,VOLATILITY_CONTRACTION_BREAKOUT
stock_tech_s05_first_dry_pullback_v1,stock_tech_s11_gap_breakout_continuation_v1,0,4,0,4,0.0,1,4234,0.000236,0.0016558551243029767,0.1475677108492762,candidate_stock_tech12,candidate_stock_tech12,trend_following,breakout_vol_expansion,TREND_RECLAIM_CONTINUATION,VOLATILITY_CONTRACTION_BREAKOUT
stock_tech_s05_first_dry_pullback_v1,trend_following_seed_v1,0,483,0,483,0.0,38,328498,0.000116,0.00638954800638409,0.08455840182315505,candidate_stock_tech12,active_strategy_spec,trend_following,trend_following,TREND_RECLAIM_CONTINUATION,TREND_RECLAIM_CONTINUATION
stock_tech_s06_nr7_inside_bar_breakout_v1,stock_tech_s07_2b_false_break_reversal_v1,1,0,0,1,0.0,0,2490,0.0,-0.0003954319058434252,0.1351376695472861,candidate_stock_tech12,candidate_stock_tech12,breakout_vol_expansion,mean_reversion,VOLATILITY_CONTRACTION_BREAKOUT,TREND_RECLAIM_CONTINUATION
stock_tech_s06_nr7_inside_bar_breakout_v1,stock_tech_s08_rsi2_bull_mean_reversion_v1,1,10,0,11,0.0,7,7976,0.000878,-1.1799185738402155e-05,0.32629523455247833,candidate_stock_tech12,candidate_stock_tech12,breakout_vol_expansion,mean_reversion,VOLATILITY_CONTRACTION_BREAKOUT,TREND_RECLAIM_CONTINUATION
stock_tech_s06_nr7_inside_bar_breakout_v1,stock_tech_s09_three_soldiers_base_breakout_v1,1,0,0,1,0.0,12,2555,0.004697,0.013900043279498392,0.12964177571045712,candidate_stock_tech12,candidate_stock_tech12,breakout_vol_expansion,breakout_vol_expansion,VOLATILITY_CONTRACTION_BREAKOUT,VOLATILITY_CONTRACTION_BREAKOUT
stock_tech_s06_nr7_inside_bar_breakout_v1,stock_tech_s10_island_reversal_v1,1,0,0,1,0.0,0,2520,0.0,-0.00042012175590316225,0.049618672016877044,candidate_stock_tech12,candidate_stock_tech12,breakout_vol_expansion,mean_reversion,VOLATILITY_CONTRACTION_BREAKOUT,VOLATILITY_CONTRACTION_BREAKOUT
stock_tech_s06_nr7_inside_bar_breakout_v1,stock_tech_s11_gap_breakout_continuation_v1,1,4,0,5,0.0,95,6333,0.015001,0.02934208131885173,0.3438174912726025,candidate_stock_tech12,candidate_stock_tech12,breakout_vol_expansion,breakout_vol_expansion,VOLATILITY_CONTRACTION_BREAKOUT,VOLATILITY_CONTRACTION_BREAKOUT
stock_tech_s06_nr7_inside_bar_breakout_v1,trend_following_seed_v1,1,483,1,483,0.00207,1406,329323,0.004269,0.0406399761466659,0.4188003255992182,candidate_stock_tech12,active_strategy_spec,breakout_vol_expansion,trend_following,VOLATILITY_CONTRACTION_BREAKOUT,TREND_RECLAIM_CONTINUATION
stock_tech_s07_2b_false_break_reversal_v1,stock_tech_s08_rsi2_bull_mean_reversion_v1,0,10,0,10,0.0,4,5955,0.000672,0.002838227564200586,0.2986496258196723,candidate_stock_tech12,candidate_stock_tech12,mean_reversion,mean_reversion,TREND_RECLAIM_CONTINUATION,TREND_RECLAIM_CONTINUATION
stock_tech_s07_2b_false_break_reversal_v1,stock_tech_s09_three_soldiers_base_breakout_v1,0,0,0,0,,0,543,0.0,-0.00014647254561132072,0.056174963025329185,candidate_stock_tech12,candidate_stock_tech12,mean_reversion,breakout_vol_expansion,TREND_RECLAIM_CONTINUATION,VOLATILITY_CONTRACTION_BREAKOUT
stock_tech_s07_2b_false_break_reversal_v1,stock_tech_s10_island_reversal_v1,0,0,0,0,,0,496,0.0,-0.00013491110345941864,0.00010755463190842833,candidate_stock_tech12,candidate_stock_tech12,mean_reversion,mean_reversion,TREND_RECLAIM_CONTINUATION,VOLATILITY_CONTRACTION_BREAKOUT
stock_tech_s07_2b_false_break_reversal_v1,stock_tech_s11_gap_breakout_continuation_v1,0,4,0,4,0.0,0,4404,0.0,-0.000537839755012166,0.14908205235379968,candidate_stock_tech12,candidate_stock_tech12,mean_reversion,breakout_vol_expansion,TREND_RECLAIM_CONTINUATION,VOLATILITY_CONTRACTION_BREAKOUT
stock_tech_s07_2b_false_break_reversal_v1,trend_following_seed_v1,0,483,0,483,0.0,3,328702,9e-06,-0.004883068817233859,0.2491865898169172,candidate_stock_tech12,active_strategy_spec,mean_reversion,trend_following,TREND_RECLAIM_CONTINUATION,TREND_RECLAIM_CONTINUATION
stock_tech_s08_rsi2_bull_mean_reversion_v1,stock_tech_s09_three_soldiers_base_breakout_v1,10,0,0,10,0.0,0,6036,0.0,-0.0007272018480398675,0.12138926686188008,candidate_stock_tech12,candidate_stock_tech12,mean_reversion,breakout_vol_expansion,TREND_RECLAIM_CONTINUATION,VOLATILITY_CONTRACTION_BREAKOUT
stock_tech_s08_rsi2_bull_mean_reversion_v1,stock_tech_s10_island_reversal_v1,10,0,0,10,0.0,0,5989,0.0,-0.0006698019983689921,0.03942613609478578,candidate_stock_tech12,candidate_stock_tech12,mean_reversion,mean_reversion,TREND_RECLAIM_CONTINUATION,VOLATILITY_CONTRACTION_BREAKOUT
stock_tech_s08_rsi2_bull_mean_reversion_v1,stock_tech_s11_gap_breakout_continuation_v1,10,4,0,14,0.0,0,9897,0.0,-0.0026702482855165714,0.475963548156481,candidate_stock_tech12,candidate_stock_tech12,mean_reversion,breakout_vol_expansion,TREND_RECLAIM_CONTINUATION,VOLATILITY_CONTRACTION_BREAKOUT
stock_tech_s08_rsi2_bull_mean_reversion_v1,trend_following_seed_v1,10,483,0,493,0.0,66,334132,0.000198,-0.02444019214525285,0.5547510366322214,candidate_stock_tech12,active_strategy_spec,mean_reversion,trend_following,TREND_RECLAIM_CONTINUATION,TREND_RECLAIM_CONTINUATION
stock_tech_s09_three_soldiers_base_breakout_v1,stock_tech_s10_island_reversal_v1,0,0,0,0,,0,573,0.0,-0.00015561795126925137,-0.006570659793679687,candidate_stock_tech12,candidate_stock_tech12,breakout_vol_expansion,mean_reversion,VOLATILITY_CONTRACTION_BREAKOUT,VOLATILITY_CONTRACTION_BREAKOUT
stock_tech_s09_three_soldiers_base_breakout_v1,stock_tech_s11_gap_breakout_continuation_v1,0,4,0,4,0.0,0,4481,0.0,-0.0006203901579631923,0.17105356897247087,candidate_stock_tech12,candidate_stock_tech12,breakout_vol_expansion,breakout_vol_expansion,VOLATILITY_CONTRACTION_BREAKOUT,VOLATILITY_CONTRACTION_BREAKOUT
stock_tech_s09_three_soldiers_base_breakout_v1,trend_following_seed_v1,0,483,0,483,0.0,247,328535,0.000752,0.02094741447175411,0.1758508519276994,candidate_stock_tech12,active_strategy_spec,breakout_vol_expansion,trend_following,VOLATILITY_CONTRACTION_BREAKOUT,TREND_RECLAIM_CONTINUATION
stock_tech_s10_island_reversal_v1,stock_tech_s11_gap_breakout_continuation_v1,0,4,0,4,0.0,0,4434,0.0,-0.0005714212205214244,0.0863095085286184,candidate_stock_tech12,candidate_stock_tech12,mean_reversion,breakout_vol_expansion,VOLATILITY_CONTRACTION_BREAKOUT,VOLATILITY_CONTRACTION_BREAKOUT
stock_tech_s10_island_reversal_v1,trend_following_seed_v1,0,483,0,483,0.0,7,328728,2.1e-05,-0.004758828824716098,0.34027801856305195,candidate_stock_tech12,active_strategy_spec,mean_reversion,trend_following,VOLATILITY_CONTRACTION_BREAKOUT,TREND_RECLAIM_CONTINUATION
stock_tech_s11_gap_breakout_continuation_v1,trend_following_seed_v1,4,483,3,484,0.006198,3356,329287,0.010192,0.07789260469936074,0.5414358960991256,candidate_stock_tech12,active_strategy_spec,breakout_vol_expansion,trend_following,VOLATILITY_CONTRACTION_BREAKOUT,TREND_RECLAIM_CONTINUATION
